ID,Name,Gender,Age,Height,Weight,Eye Color,Hair Color,Complexion,Identifying Mark,Build,Last Known Address,Occupation,Previous Convictions,Types of Crimes,Gang Affiliation
301,Deepak Sharma,Male,42,177,79,Brown,Black,Dark,Tattoo on chest,Heavy,"Adyar, Chennai",Businessman,3,"Murder, Robbery, Grave Burglary",Gang X
302,Meera Ravi,Female,35,165,58,Black,Black,Wheatish,None,Slim,"Adyar, Chennai",Accountant,1,Fraud,None
303,Vikram Menon,Male,39,180,85,Brown,Black,Fair,Scar on arm,Medium,"Adyar, Chennai",Contractor,2,"Kidnapping, Extortion",Gang B
304,Anjali Pillai,Female,30,160,55,Brown,Black,Fair,Mole on chin,Slim,"Adyar, Chennai",Homemaker,1,Harassment,None
305,Karthik Iyer,Male,45,175,82,Brown,Black,Medium,Tattoo on wrist,Medium,"Adyar, Chennai",Mechanic,3,"Cybercrime, Identity Theft",None
306,Rohit Kumar,Male,38,174,79,Brown,Black,Medium,None,Heavy,"Adyar, Chennai",Driver,2,"Domestic Violence, Battery",None
307,Sneha Verma,Female,28,159,54,Black,Black,Fair,None,Slim,"Adyar, Chennai",Nurse,1,Embezzlement,None
308,Rajesh Pillai,Male,40,176,80,Brown,Black,Medium,Scar on forehead,Heavy,"Anna Nagar, Chennai",Engineer,1,Cybercrime,None
309,Pooja Nair,Female,32,160,57,Black,Black,Wheatish,None,Slim,"Anna Nagar, Chennai",HR Manager,1,Fraud,None
310,Arjun Reddy,Male,42,178,83,Brown,Black,Dark,Burn scar on arm,Medium,"Anna Nagar, Chennai",Trader,2,"Drug Possession, Smuggling",Gang Z
311,Kiran Kumar,Male,35,170,76,Brown,Black,Fair,None,Medium,"Anna Nagar, Chennai",Salesman,1,"Assault, Battery",None
312,Neha Sharma,Female,29,155,53,Brown,Black,Fair,None,Slim,"Anna Nagar, Chennai",Student,1,Harassment,None
313,Suresh Menon,Male,45,179,85,Brown,Black,Medium,Tattoo on neck,Heavy,"Anna Nagar, Chennai",Businessman,3,"Murder, Kidnapping, Extortion",Gang Y
314,Sanjay Kapoor,Male,37,172,78,Brown,Black,Medium,None,Medium,"Arumbakkam, Chennai",Carpenter,2,"Robbery, Assault",None
315,Ananya Ramesh,Female,30,159,56,Brown,Black,Fair,None,Slim,"Arumbakkam, Chennai",Teacher,1,Fraud,None
316,Vikram Ramesh,Male,42,178,84,Brown,Black,Medium,Burn scar on hand,Heavy,"Arumbakkam, Chennai",Auto Driver,3,"Kidnapping, Extortion",None
317,Shruti Patel,Female,26,155,53,Black,Black,Fair,None,Slim,"Arumbakkam, Chennai",Nurse,1,Harassment,None
318,Rohit Sharma,Male,31,174,80,Brown,Black,Medium,Scar on left cheek,Medium,"Arumbakkam, Chennai",Salesman,2,"Domestic Violence, Fraud",None
319,Karthik Shekar,Male,40,170,79,Black,Black,Wheatish,Tattoo on wrist,Medium,"Arumbakkam, Chennai",Contractor,2,"Harassment, Kidnapping",None
320,Vijay Kumar,Male,33,174,78,Brown,Black,Fair,Scar on chin,Medium,"Ashok Nagar, Chennai",IT Consultant,1,Cybercrime,None
321,Aarti Menon,Female,29,162,58,Brown,Black,Medium,None,Slim,"Ashok Nagar, Chennai",Housewife,1,Fraud,None
322,Manoj Pillai,Male,41,180,82,Brown,Black,Dark,Burn mark on hand,Heavy,"Ashok Nagar, Chennai",Businessman,2,"Drug Trafficking, Smuggling",Gang B
323,Nisha Rao,Female,35,160,59,Black,Black,Fair,None,Slim,"Ashok Nagar, Chennai",Teacher,1,Robbery,None
324,Deepak Iyer,Male,39,176,81,Brown,Black,Wheatish,Scar on arm,Medium,"Ashok Nagar, Chennai",Salesman,3,"Assault, Battery",Gang X
325,Swetha Sharma,Female,28,158,55,Brown,Black,Fair,None,Slim,"Ashok Nagar, Chennai",Nurse,1,Extortion,None
326,Karthik Nair,Male,40,170,79,Black,Black,Wheatish,Tattoo on wrist,Medium,"Ashok Nagar, Chennai",Contractor,2,"Harassment, Kidnapping",None
327,Ramesh Kumar,Male,44,175,83,Brown,Black,Medium,Scar on left eye,Heavy,"Ayanavaram, Chennai",Trader,2,"Robbery, Assault",None
328,Sneha Kapoor,Female,30,162,56,Brown,Black,Fair,None,Slim,"Ayanavaram, Chennai",Homemaker,1,Fraud,None
329,Ajay Nair,Male,39,178,85,Brown,Black,Fair,None,Medium,"Ayanavaram, Chennai",Auto Driver,1,Kidnapping,None
330,Pooja Menon,Female,28,160,55,Black,Black,Wheatish,None,Slim,"Ayanavaram, Chennai",Teacher,1,Harassment,None
331,Suresh Verma,Male,50,180,90,Brown,Black,Dark,Tattoo on hand,Heavy,"Ayanavaram, Chennai",Businessman,3,"Extortion, Drug Trafficking",Gang Y
332,Vikram Rao,Male,42,178,82,Brown,Black,Fair,Scar on neck,Medium,"Egmore, Chennai",Contractor,2,"Fraud, Cybercrime",None
333,Meera Iyer,Female,31,165,58,Brown,Black,Medium,None,Slim,"Egmore, Chennai",Banker,1,Identity Theft,None
334,Rohit Sharma,Male,36,174,79,Brown,Black,Medium,None,Medium,"Egmore, Chennai",Salesman,1,Harassment,None
335,Swetha Pillai,Female,29,159,54,Black,Black,Fair,None,Slim,"Egmore, Chennai",Nurse,1,Embezzlement,None
336,Arjun Nair,Male,45,179,84,Brown,Black,Wheatish,Tattoo on wrist,Heavy,"Egmore, Chennai",Engineer,3,"Kidnapping, Extortion, Murder",Gang X
337,Sanjay Verma,Male,41,172,78,Brown,Black,Medium,None,Medium,"Flower Bazaar, Chennai",Carpenter,2,"Robbery, Assault",None
338,Priya Sharma,Female,32,160,57,Black,Black,Fair,None,Slim,"Flower Bazaar, Chennai",Accountant,1,Fraud,None
339,Karthik Rao,Male,43,178,83,Brown,Black,Medium,Burn scar on hand,Heavy,"Flower Bazaar, Chennai",Auto Driver,3,"Kidnapping, Extortion",None
340,Anjali Ramesh,Female,26,155,53,Black,Black,Wheatish,None,Slim,"Flower Bazaar, Chennai",Nurse,1,Harassment,None
341,Ravi Iyer,Male,39,174,80,Brown,Black,Medium,Scar on left cheek,Medium,"Flower Bazaar, Chennai",Salesman,2,"Domestic Violence, Fraud",None
342,Suresh Menon,Male,47,170,82,Black,Black,Wheatish,Tattoo on wrist,Medium,"Flower Bazaar, Chennai",Contractor,2,"Cybercrime, Identity Theft",None
343,Vijay Kumar,Male,33,174,78,Brown,Black,Fair,Scar on chin,Medium,"Guindy, Chennai",IT Consultant,1,Cybercrime,None
344,Aarti Menon,Female,29,162,58,Brown,Black,Medium,None,Slim,"Guindy, Chennai",Housewife,1,Fraud,None
345,Manoj Pillai,Male,41,180,82,Brown,Black,Dark,Burn mark on hand,Heavy,"Guindy, Chennai",Businessman,2,"Drug Trafficking, Smuggling",Gang B
346,Nisha ,Female,35,160,59,Black,Black,Fair,None,Slim,"Guindy, Chennai",Teacher,1,Robbery,None
347,Deepak Iyer,Male,39,176,81,Brown,Black,Wheatish,Scar on arm,Medium,"Guindy, Chennai",Salesman,3,"Assault, Battery",Gang X
348,Swetha Sharma,Female,28,158,55,Brown,Black,Fair,None,Slim,"Guindy, Chennai",Nurse,1,Extortion,None
349,Rajesh Menon,Male,44,177,85,Brown,Black,Medium,Scar on arm,Heavy,"Harbour, Chennai",Fisherman,2,"Smuggling, Kidnapping",Gang Y
350,Neha Verma,Female,31,165,58,Brown,Black,Fair,None,Slim,"Harbour, Chennai",Cashier,1,Fraud,None
351,Suresh Pillai,Male,47,178,90,Brown,Black,Dark,Tattoo on wrist,Heavy,"Harbour, Chennai",Trader,3,"Human Trafficking, Extortion",Gang X
352,Arjun Rao,Male,40,174,82,Brown,Black,Wheatish,None,Medium,"Harbour, Chennai",Taxi Driver,2,"Harassment, Battery",None
353,Karthik Nair,Male,42,175,84,Brown,Black,Medium,Scar on forehead,Medium,"Harbour, Chennai",Businessman,3,"Cybercrime, Identity Theft",None
354,Vikram Sharma,Male,45,178,86,Brown,Black,Medium,None,Heavy,"High Court, Chennai",Advocate,2,"Fraud, Identity Theft",None
355,Anjali Kapoor,Female,30,160,55,Black,Black,Wheatish,None,Slim,"High Court, Chennai",Legal Advisor,1,Harassment,None
356,Ramesh Iyer,Male,50,180,92,Brown,Black,Dark,Scar on hand,Heavy,"High Court, Chennai",Businessman,3,"Money Laundering, Bribery",Gang Z
357,Pooja Nair,Female,28,159,54,Brown,Black,Fair,None,Slim,"High Court, Chennai",Clerk,1,Embezzlement,None
358,Rajesh Menon,Male,39,176,80,Brown,Black,Medium,Scar on arm,Medium,"High Court, Chennai",Accountant,2,"Cybercrime, Identity Theft",None
359,Rohit Verma,Male,43,176,82,Brown,Black,Medium,Scar on cheek,Medium,"Kilpauk, Chennai",Businessman,2,"Fraud, Identity Theft",None
360,Sneha Ramesh,Female,29,161,57,Black,Black,Wheatish,None,Slim,"Kilpauk, Chennai",Teacher,1,Harassment,None
361,Ajay Kumar,Male,38,180,88,Brown,Black,Dark,Tattoo on neck,Heavy,"Kilpauk, Chennai",Auto Driver,3,"Robbery, Assault, Battery",Gang X
362,Nisha Pillai,Female,35,165,59,Brown,Black,Fair,None,Slim,"Kilpauk, Chennai",Banker,1,Embezzlement,None
363,Vikram Nair,Male,46,179,84,Brown,Black,Wheatish,Scar on wrist,Heavy,"Kilpauk, Chennai",Engineer,2,"Kidnapping, Extortion",Gang Y
364,Karthik Rao,Male,40,174,83,Brown,Black,Medium,None,Medium,"Kilpauk, Chennai",Salesman,1,Domestic Violence,None
365,Rajesh Iyer,Male,42,178,85,Brown,Black,Fair,Burn scar on hand,Medium,"Kolathur, Chennai",Mechanic,3,"Burglary, Theft, Fraud",None
366,Ananya Sharma,Female,30,162,56,Brown,Black,Medium,None,Slim,"Kolathur, Chennai",Housewife,1,Fraud,None
367,Deepak Menon,Male,41,176,82,Brown,Black,Wheatish,Tattoo on arm,Heavy,"Kolathur, Chennai",Carpenter,2,"Drug Trafficking, Smuggling",Gang B
368,Arjun Kapoor,Male,39,174,79,Brown,Black,Medium,None,Medium,"Kolathur, Chennai",Taxi Driver,1,Harassment,None
369,Pooja Ramesh,Female,27,158,54,Black,Black,Fair,None,Slim,"Kolathur, Chennai",Nurse,1,Cybercrime,None
370,Sanjay Pillai,Male,45,180,90,Brown,Black,Dark,Scar on forehead,Heavy,"Kolathur, Chennai",Trader,3,"Extortion, Human Trafficking",Gang X
371,Nisha Rao,Female,34,160,58,Brown,Black,Medium,None,Slim,"Kolathur, Chennai",Teacher,1,Harassment,None
372,Karthik Nair,Male,44,175,83,Brown,Black,Medium,None,Medium,"Kotturpuram, Chennai",Businessman,2,"Fraud, Money Laundering",None
373,Swetha Menon,Female,31,160,55,Black,Black,Fair,None,Slim,"Kotturpuram, Chennai",Accountant,1,Identity Theft,None
374,Suresh Verma,Male,50,180,90,Brown,Black,Dark,Tattoo on chest,Heavy,"Kotturpuram, Chennai",Businessman,3,"Drug Trafficking, Smuggling",Gang Y
375,Priya Ramesh,Female,29,159,54,Black,Black,Fair,None,Slim,"Kotturpuram, Chennai",Homemaker,1,Harassment,None
376,Arjun Kumar,Male,41,178,84,Brown,Black,Wheatish,Scar on hand,Heavy,"Kotturpuram, Chennai",Engineer,3,"Kidnapping, Assault",Gang X
377,Rohit Sharma,Male,39,174,79,Brown,Black,Medium,None,Medium,"Kotturpuram, Chennai",Salesman,1,Domestic Violence,None
378,Meera Pillai,Female,35,165,58,Brown,Black,Medium,None,Slim,"Kotturpuram, Chennai",Lawyer,2,"Bribery, Embezzlement",None
379,Vikram Iyer,Male,45,178,86,Brown,Black,Medium,None,Heavy,"Koyambedu, Chennai",Contractor,2,"Fraud, Cybercrime",None
380,Anjali Kapoor,Female,30,160,55,Black,Black,Wheatish,None,Slim,"Koyambedu, Chennai",Legal Advisor,1,Harassment,None
381,Ramesh Sharma,Male,50,180,92,Brown,Black,Dark,Scar on hand,Heavy,"Koyambedu, Chennai",Businessman,3,"Money Laundering, Bribery",Gang Z
382,Pooja Nair,Female,28,159,54,Brown,Black,Fair,None,Slim,"Koyambedu, Chennai",Clerk,1,Embezzlement,None
383,Rajesh Menon,Male,39,176,80,Brown,Black,Medium,Scar on arm,Medium,"Koyambedu, Chennai",Accountant,2,"Cybercrime, Identity Theft",None
384,Swetha Pillai,Female,35,160,59,Brown,Black,Fair,None,Slim,"Koyambedu, Chennai",Doctor,1,Medical Fraud,None
385,Deepak Rao,Male,41,174,82,Brown,Black,Medium,None,Medium,"Koyambedu, Chennai",Shop Owner,2,Illegal Arms Dealing,Gang X
386,Arjun Reddy,Male,42,178,85,Brown,Black,Medium,Scar on forehead,Heavy,"Madipakkam, Chennai",Businessman,3,"Fraud, Money Laundering",None
387,Meena Iyer,Female,31,160,54,Black,Black,Fair,None,Slim,"Madipakkam, Chennai",Teacher,1,Harassment,None
388,Ramesh Nair,Male,39,176,80,Brown,Black,Dark,Tattoo on wrist,Medium,"Madipakkam, Chennai",Auto Driver,2,"Robbery, Extortion",Gang X
389,Priya Sharma,Female,35,163,57,Brown,Black,Wheatish,None,Slim,"Madipakkam, Chennai",Bank Employee,1,Embezzlement,None
390,Karthik Rao,Male,45,180,88,Brown,Black,Medium,Scar on arm,Heavy,"Madipakkam, Chennai",Engineer,2,"Kidnapping, Assault",Gang Y
391,Rajiv Menon,Male,40,174,79,Brown,Black,Wheatish,None,Medium,"Madipakkam, Chennai",Shop Owner,1,Domestic Violence,None
392,Vikram Iyer,Male,44,178,85,Brown,Black,Medium,Scar on cheek,Heavy,"Meenambakkam, Chennai",Contractor,2,"Fraud, Cybercrime",None
393,Anjali Das,Female,30,159,54,Black,Black,Wheatish,None,Slim,"Meenambakkam, Chennai",Lawyer,1,Harassment,None
394,Raghav Pillai,Male,50,180,90,Brown,Black,Dark,Tattoo on arm,Heavy,"Meenambakkam, Chennai",Businessman,3,"Money Laundering, Smuggling",Gang Z
395,Swetha Rao,Female,28,162,55,Brown,Black,Fair,None,Slim,"Meenambakkam, Chennai",Accountant,1,Embezzlement,None
396,Rajesh Kumar,Male,39,176,82,Brown,Black,Medium,Scar on wrist,Medium,"Meenambakkam, Chennai",Trader,2,"Cybercrime, Identity Theft",None
397,Pooja Nair,Female,35,160,58,Brown,Black,Fair,None,Slim,"Meenambakkam, Chennai",Doctor,1,Medical Fraud,None
398,Deepak Menon,Male,41,174,82,Brown,Black,Medium,None,Medium,"Meenambakkam, Chennai",Mechanic,2,Illegal Arms Dealing,Gang X
399,Ramesh Iyer,Male,47,179,90,Brown,Black,Medium,Tattoo on wrist,Heavy,"MKB Nagar, Chennai",Contractor,3,"Extortion, Blackmail",Gang X
400,Priya Verma,Female,32,160,53,Black,Black,Fair,None,Slim,"MKB Nagar, Chennai",Housewife,1,Fraud,None
401,Deepak Nair,Male,41,178,85,Brown,Black,Wheatish,Scar on hand,Heavy,"MKB Nagar, Chennai",Auto Driver,2,"Assault, Battery",Gang Y
402,Swetha Menon,Female,35,164,57,Brown,Black,Medium,None,Slim,"MKB Nagar, Chennai",Banker,1,Harassment,None
403,Arjun Pillai,Male,39,176,80,Brown,Black,Dark,Burn scar on leg,Medium,"MKB Nagar, Chennai",Mechanic,2,Drug Possession,None
404,Rajesh Kumar,Male,42,180,85,Brown,Black,Medium,Scar on neck,Heavy,"Mylapore, Chennai",Businessman,3,"Bribery, Corruption",Gang Z
405,Pooja Nair,Female,29,158,55,Brown,Black,Fair,None,Slim,"Mylapore, Chennai",Teacher,1,Harassment,None
406,Karthik Rao,Male,38,175,83,Brown,Black,Wheatish,Tattoo on arm,Medium,"Mylapore, Chennai",Shop Owner,2,"Fraud, Identity Theft",None
407,Ananya Sharma,Female,34,161,58,Brown,Black,Wheatish,None,Slim,"Mylapore, Chennai",Nurse,1,Medical Negligence,None
408,Vikram Verma,Male,40,176,82,Brown,Black,Dark,Burn scar on hand,Medium,"Mylapore, Chennai",Trader,2,"Smuggling, Money Laundering",Gang X
409,Arjun Reddy,Male,45,178,87,Brown,Black,Medium,Tattoo on wrist,Heavy,"Neelangarai, Chennai",Contractor,2,"Fraud, Money Laundering",None
410,Meera Iyer,Female,30,159,52,Black,Black,Fair,None,Slim,"Neelangarai, Chennai",Legal Advisor,1,Harassment,None
411,Rohit Menon,Male,50,180,90,Brown,Black,Dark,Scar on cheek,Heavy,"Neelangarai, Chennai",Businessman,3,"Extortion, Blackmail",Gang Y
412,Sneha Rao,Female,29,160,56,Brown,Black,Wheatish,None,Slim,"Neelangarai, Chennai",Bank Clerk,1,Embezzlement,None
413,Rajesh Pillai,Male,38,176,81,Brown,Black,Medium,Scar on arm,Medium,"Neelangarai, Chennai",Shop Owner,2,"Cybercrime, Identity Theft",None
414,Arvind Nair,Male,42,177,82,Brown,Black,Medium,Tattoo on arm,Medium,"Nungambakkam, Chennai",Businessman,3,"Money Laundering, Fraud",Gang Z
415,Priya Menon,Female,33,160,56,Brown,Black,Wheatish,None,Slim,"Nungambakkam, Chennai",Bank Clerk,1,Embezzlement,None
416,Rakesh Sharma,Male,38,180,88,Brown,Black,Dark,Scar on cheek,Heavy,"Nungambakkam, Chennai",Auto Driver,2,"Robbery, Assault",Gang X
417,Sneha Iyer,Female,31,159,54,Black,Black,Fair,None,Slim,"Nungambakkam, Chennai",Homemaker,1,Harassment,None
418,Vikram Pillai,Male,47,178,90,Brown,Black,Medium,Scar on wrist,Heavy,"Nungambakkam, Chennai",Lawyer,2,"Bribery, Corruption",None
419,Rajan Kumar,Male,44,176,85,Brown,Black,Wheatish,Scar on neck,Medium,"Pulianthope, Chennai",Mechanic,3,"Burglary, Theft",Gang Y
420,Pooja Nair,Female,29,160,53,Brown,Black,Fair,None,Slim,"Pulianthope, Chennai",Housewife,1,Fraud,None
421,Ramesh Verma,Male,39,178,82,Brown,Black,Medium,Tattoo on chest,Heavy,"Pulianthope, Chennai",Auto Driver,2,"Extortion, Blackmail",Gang X
422,Ananya Sharma,Female,35,161,58,Brown,Black,Medium,None,Slim,"Pulianthope, Chennai",Banker,1,Cybercrime,None
423,Karthik Rao,Male,41,174,83,Brown,Black,Medium,None,Medium,"Pulianthope, Chennai",Salesman,1,Domestic Violence,None
424,Suresh Iyer,Male,46,179,84,Brown,Black,Medium,Scar on wrist,Heavy,"Puzhal, Chennai",Engineer,2,"Kidnapping, Extortion",Gang Y
425,Meera Verma,Female,34,160,57,Brown,Black,Wheatish,None,Slim,"Puzhal, Chennai",Accountant,1,Embezzlement,None
426,Deepak Menon,Male,41,176,82,Brown,Black,Medium,Scar on arm,Medium,"Puzhal, Chennai",Trader,2,"Smuggling, Money Laundering",Gang X
427,Swetha Sharma,Female,32,159,54,Black,Black,Fair,None,Slim,"Puzhal, Chennai",Nurse,1,Medical Negligence,None
428,Rajesh Pillai,Male,39,174,79,Brown,Black,Medium,None,Medium,"Puzhal, Chennai",Taxi Driver,1,Harassment,None
429,Arjun Verma,Male,43,177,82,Brown,Black,Medium,Tattoo on wrist,Medium,"Royapettah, Chennai",Businessman,3,"Money Laundering, Fraud",Gang Z
430,Priya Sharma,Female,31,162,56,Brown,Black,Fair,None,Slim,"Royapettah, Chennai",Receptionist,1,Cybercrime,None
431,Ramesh Iyer,Male,39,180,85,Brown,Black,Dark,Scar on forehead,Heavy,"Royapettah, Chennai",Auto Driver,2,"Assault, Battery",Gang X
432,Swetha Nair,Female,28,159,54,Black,Black,Wheatish,None,Slim,"Royapettah, Chennai",Teacher,1,Harassment,None
433,Vikram Rao,Male,45,178,88,Brown,Black,Medium,Scar on arm,Heavy,"Royapettah, Chennai",Lawyer,2,"Bribery, Corruption",None
434,Rajan Pillai,Male,44,176,83,Brown,Black,Medium,Scar on neck,Medium,"Royapuram, Chennai",Mechanic,3,"Burglary, Theft, Fraud",None
435,Ananya Menon,Female,30,161,57,Brown,Black,Wheatish,None,Slim,"Royapuram, Chennai",Homemaker,1,Harassment,None
436,Deepak Verma,Male,41,176,82,Brown,Black,Wheatish,Tattoo on chest,Heavy,"Royapuram, Chennai",Carpenter,2,"Drug Trafficking, Smuggling",Gang B
437,Arjun Kapoor,Male,39,174,79,Brown,Black,Medium,None,Medium,"Royapuram, Chennai",Taxi Driver,1,Domestic Violence,None
438,Pooja Sharma,Female,27,158,53,Black,Black,Fair,None,Slim,"Royapuram, Chennai",Nurse,1,Cybercrime,None
439,Sanjay Ramesh,Male,45,180,90,Brown,Black,Dark,Scar on wrist,Heavy,"Royapuram, Chennai",Trader,3,"Extortion, Human Trafficking",Gang X
440,Vikram Iyer,Male,42,177,81,Brown,Black,Medium,Tattoo on arm,Medium,"Saidapet, Chennai",Businessman,3,"Fraud, Money Laundering",None
441,Sneha Pillai,Female,34,162,56,Brown,Black,Fair,None,Slim,"Saidapet, Chennai",Accountant,1,Embezzlement,None
442,Ramesh Verma,Male,38,180,88,Brown,Black,Dark,Scar on cheek,Heavy,"Saidapet, Chennai",Auto Driver,2,"Robbery, Assault",Gang X
443,Nisha Sharma,Female,31,159,54,Black,Black,Wheatish,None,Slim,"Saidapet, Chennai",Homemaker,1,Harassment,None
444,Karthik Rao,Male,47,178,90,Brown,Black,Medium,Scar on wrist,Heavy,"Saidapet, Chennai",Lawyer,2,"Bribery, Corruption",None
445,Karthik Rao,Male,40,176,79,Brown,Black,Medium,Scar on hand,Medium,"Sembium, Chennai",Mechanic,3,"Burglary, Fraud",None
446,Priya Menon,Female,29,162,56,Black,Black,Fair,None,Slim,"Sembium, Chennai",Teacher,1,Cybercrime,None
447,Rajesh Verma,Male,38,180,85,Brown,Black,Dark,Tattoo on chest,Heavy,"Sembium, Chennai",Auto Driver,2,"Robbery, Battery",Gang X
448,Swetha Iyer,Female,35,165,58,Brown,Black,Wheatish,None,Slim,"Sembium, Chennai",Clerk,1,Harassment,None
449,Vikram Nair,Male,42,178,90,Brown,Black,Medium,Scar on wrist,Heavy,"Sembium, Chennai",Contractor,2,"Kidnapping, Extortion",Gang Y
450,Ananya Ramesh,Female,31,159,54,Brown,Black,Medium,None,Slim,"Sembium, Chennai",Doctor,1,Medical Fraud,None
451,Deepak Verma,Male,43,177,83,Brown,Black,Medium,Tattoo on neck,Medium,"St. Thomas Mount, Chennai",Engineer,3,"Money Laundering, Fraud",None
452,Pooja Sharma,Female,30,162,56,Black,Black,Fair,None,Slim,"St. Thomas Mount, Chennai",Homemaker,1,Cybercrime,None
453,Ramesh Iyer,Male,39,180,85,Brown,Black,Dark,Scar on forehead,Heavy,"St. Thomas Mount, Chennai",Auto Driver,2,"Assault, Battery",Gang X
454,Swetha Nair,Female,28,159,54,Black,Black,Wheatish,None,Slim,"St. Thomas Mount, Chennai",Teacher,1,Harassment,None
455,Vikram Rao,Male,45,178,88,Brown,Black,Medium,Scar on arm,Heavy,"St. Thomas Mount, Chennai",Lawyer,2,"Bribery, Corruption",None
456,Arjun Verma,Male,41,177,81,Brown,Black,Medium,Tattoo on wrist,Medium,"T. Nagar, Chennai",Businessman,3,"Fraud, Money Laundering",None
457,Priya Menon,Female,31,160,55,Black,Black,Fair,None,Slim,"T. Nagar, Chennai",Accountant,1,Embezzlement,None
458,Ramesh Rao,Male,38,180,88,Brown,Black,Dark,Scar on cheek,Heavy,"T. Nagar, Chennai",Auto Driver,2,"Robbery, Assault",Gang X
459,Nisha Sharma,Female,34,159,54,Black,Black,Wheatish,None,Slim,"T. Nagar, Chennai",Homemaker,1,Harassment,None
460,Karthik Iyer,Male,47,178,90,Brown,Black,Medium,Scar on wrist,Heavy,"T. Nagar, Chennai",Lawyer,2,"Bribery, Corruption",None
461,Vikram Rao,Male,42,178,85,Brown,Black,Medium,Scar on hand,Heavy,"Teynampet, Chennai",Businessman,3,"Fraud, Embezzlement",None
462,Ananya Nair,Female,30,162,56,Black,Black,Fair,None,Slim,"Teynampet, Chennai",Doctor,1,Medical Fraud,None
463,Ramesh Iyer,Male,39,180,88,Brown,Black,Dark,Tattoo on neck,Heavy,"Teynampet, Chennai",Auto Driver,2,"Robbery, Battery",Gang X
464,Swetha Verma,Female,35,159,54,Black,Black,Wheatish,None,Slim,"Teynampet, Chennai",Homemaker,1,Harassment,None
465,Karthik Menon,Male,47,177,89,Brown,Black,Medium,Scar on wrist,Heavy,"Teynampet, Chennai",Lawyer,2,"Bribery, Corruption",None
466,Deepak Verma,Male,43,176,83,Brown,Black,Medium,Tattoo on wrist,Medium,"Tharamani, Chennai",Engineer,3,"Money Laundering, Fraud",None
467,Pooja Iyer,Female,29,162,56,Black,Black,Fair,None,Slim,"Tharamani, Chennai",Accountant,1,Cybercrime,None
468,Ramesh Rao,Male,38,180,88,Brown,Black,Dark,Scar on forehead,Heavy,"Tharamani, Chennai",Taxi Driver,2,"Assault, Battery",Gang X
469,Swetha Menon,Female,27,159,54,Black,Black,Wheatish,None,Slim,"Tharamani, Chennai",Teacher,1,Harassment,None
470,Karthik Nair,Male,45,178,90,Brown,Black,Medium,Scar on arm,Heavy,"Tharamani, Chennai",Lawyer,2,"Bribery, Corruption",None
471,Arjun Verma,Male,41,177,81,Brown,Black,Medium,Scar on hand,Medium,"Thirumangalam, Chennai",Businessman,3,"Fraud, Money Laundering",None
472,Priya Nair,Female,31,160,55,Black,Black,Fair,None,Slim,"Thirumangalam, Chennai",Accountant,1,Embezzlement,None
473,Ramesh Rao,Male,38,180,88,Brown,Black,Dark,Scar on cheek,Heavy,"Thirumangalam, Chennai",Auto Driver,2,"Robbery, Assault",Gang X
474,Nisha Sharma,Female,34,159,54,Black,Black,Wheatish,None,Slim,"Thirumangalam, Chennai",Homemaker,1,Harassment,None
475,Karthik Iyer,Male,47,178,90,Brown,Black,Medium,Scar on wrist,Heavy,"Thirumangalam, Chennai",Lawyer,2,"Bribery, Corruption",None
476,Vijay Kumar,Male,40,180,88,Brown,Black,Medium,Tattoo on chest,Heavy,"Thiruvotriyur, Chennai",Auto Driver,3,"Robbery, Extortion",Gang X
477,Priya Iyer,Female,29,160,55,Brown,Black,Fair,None,Slim,"Thiruvotriyur, Chennai",School Teacher,1,Harassment,None
478,Karthik Rao,Male,45,178,85,Brown,Black,Wheatish,Scar on cheek,Medium,"Thiruvotriyur, Chennai",Businessman,2,"Bribery, Embezzlement",None
479,Swetha Verma,Female,31,159,54,Brown,Black,Medium,None,Slim,"Thiruvotriyur, Chennai",IT Employee,1,Cybercrime,None
480,Sanjay Menon,Male,39,176,79,Brown,Black,Dark,Burn scar on arm,Heavy,"Thiruvotriyur, Chennai",Trader,3,"Smuggling, Money Laundering",Gang Y
481,Nisha Sharma,Female,35,162,57,Brown,Black,Fair,None,Slim,"Thiruvotriyur, Chennai",Bank Clerk,1,Fraud,None
482,Arjun Verma,Male,41,177,83,Brown,Black,Medium,Scar on wrist,Medium,"Triplicane, Chennai",Contractor,2,"Fraud, Money Laundering",None
483,Pooja Nair,Female,30,162,56,Brown,Black,Fair,None,Slim,"Triplicane, Chennai",Accountant,1,Embezzlement,None
484,Ramesh Rao,Male,39,180,88,Brown,Black,Dark,Scar on forehead,Heavy,"Triplicane, Chennai",Taxi Driver,3,"Robbery, Assault",Gang X
485,Meera Iyer,Female,27,159,54,Brown,Black,Wheatish,None,Slim,"Triplicane, Chennai",Homemaker,1,Harassment,None
486,Karthik Pillai,Male,46,178,90,Brown,Black,Medium,Scar on arm,Heavy,"Triplicane, Chennai",Lawyer,2,"Bribery, Corruption",None
487,Deepak Rao,Male,42,178,86,Brown,Black,Medium,Tattoo on neck,Heavy,"Vadapalani, Chennai",Businessman,3,"Fraud, Embezzlement",None
488,Ananya Menon,Female,29,160,55,Brown,Black,Fair,None,Slim,"Vadapalani, Chennai",Teacher,1,Harassment,None
489,Ramesh Iyer,Male,50,180,92,Brown,Black,Dark,Scar on cheek,Heavy,"Vadapalani, Chennai",Auto Driver,3,"Assault, Battery",Gang X
490,Swetha Sharma,Female,28,159,54,Brown,Black,Wheatish,None,Slim,"Vadapalani, Chennai",IT Employee,1,Cybercrime,None
491,Karthik Nair,Male,39,176,80,Brown,Black,Medium,Scar on arm,Medium,"Vadapalani, Chennai",Accountant,2,"Bribery, Money Laundering",None
492,Rajesh Iyer,Male,43,180,85,Brown,Black,Medium,Scar on forehead,Heavy,"Valasaravakkam, Chennai",Businessman,2,"Fraud, Money Laundering",None
493,Priya Sharma,Female,30,159,56,Black,Black,Fair,None,Slim,"Valasaravakkam, Chennai",Teacher,1,Harassment,None
494,Karthik Rao,Male,38,177,82,Brown,Black,Wheatish,Tattoo on arm,Medium,"Valasaravakkam, Chennai",Auto Driver,3,"Robbery, Assault",Gang X
495,Swetha Nair,Female,29,160,55,Black,Black,Medium,None,Slim,"Valasaravakkam, Chennai",Accountant,1,Embezzlement,None
496,Sanjay Pillai,Male,47,178,90,Brown,Black,Dark,Burn scar on hand,Heavy,"Valasaravakkam, Chennai",Shop Owner,3,"Extortion, Kidnapping",Gang Y
497,Arjun Menon,Male,42,176,83,Brown,Black,Medium,Tattoo on neck,Heavy,"Vepery, Chennai",Contractor,2,"Fraud, Cybercrime",None
498,Pooja Rao,Female,31,162,56,Black,Black,Fair,None,Slim,"Vepery, Chennai",Homemaker,1,Harassment,None
499,Ramesh Kumar,Male,39,180,88,Brown,Black,Wheatish,Scar on wrist,Medium,"Vepery, Chennai",Taxi Driver,3,"Theft, Assault",Gang X
500,Meera Iyer,Female,27,159,54,Black,Black,Wheatish,None,Slim,"Vepery, Chennai",Teacher,1,Identity Theft,None
501,Karthik Nair,Male,45,178,90,Brown,Black,Medium,Scar on hand,Heavy,"Vepery, Chennai",Engineer,2,"Bribery, Corruption",None
502,Deepak Rao,Male,42,178,86,Brown,Black,Medium,Tattoo on chest,Heavy,"Villivakkam, Chennai",Businessman,3,"Fraud, Money Laundering",None
503,Ananya Menon,Female,29,160,55,Black,Black,Fair,None,Slim,"Villivakkam, Chennai",Clerk,1,Harassment,None
504,Ramesh Iyer,Male,50,180,92,Brown,Black,Dark,Scar on cheek,Heavy,"Villivakkam, Chennai",Auto Driver,3,"Assault, Battery",Gang X
505,Swetha Sharma,Female,28,159,54,Black,Black,Wheatish,None,Slim,"Villivakkam, Chennai",IT Employee,1,Cybercrime,None
506,Karthik Nair,Male,39,176,80,Brown,Black,Medium,Scar on arm,Medium,"Villivakkam, Chennai",Accountant,2,"Bribery, Money Laundering",None
507,Rajesh Verma,Male,44,178,84,Brown,Black,Wheatish,Scar on forehead,Heavy,"Virugambakkam, Chennai",Businessman,2,"Fraud, Money Laundering",None
508,Sneha Pillai,Female,32,160,57,Black,Black,Fair,None,Slim,"Virugambakkam, Chennai",Accountant,1,Embezzlement,None
509,Karthik Rao,Male,38,175,82,Brown,Black,Medium,Tattoo on arm,Medium,"Virugambakkam, Chennai",Auto Driver,3,"Robbery, Assault",Gang X
510,Pooja Menon,Female,30,159,55,Black,Black,Wheatish,None,Slim,"Virugambakkam, Chennai",Homemaker,1,Harassment,None
511,Arjun Nair,Male,47,180,90,Brown,Black,Dark,Burn scar on hand,Heavy,"Virugambakkam, Chennai",Shop Owner,3,"Extortion, Kidnapping",Gang Y
512,Vikram Iyer,Male,42,176,83,Brown,Black,Medium,Tattoo on neck,Heavy,"Washermenpet, Chennai",Contractor,2,"Fraud, Cybercrime",None
513,Meera Rao,Female,31,162,56,Black,Black,Fair,None,Slim,"Washermenpet, Chennai",Homemaker,1,Harassment,None
514,Ramesh Kumar,Male,39,180,88,Brown,Black,Wheatish,Scar on wrist,Medium,"Washermenpet, Chennai",Taxi Driver,3,"Theft, Assault",Gang X
515,Swetha Nair,Female,27,159,54,Black,Black,Wheatish,None,Slim,"Washermenpet, Chennai",Teacher,1,Identity Theft,None
516,Deepak Menon,Male,45,178,90,Brown,Black,Medium,Scar on hand,Heavy,"Washermenpet, Chennai",Engineer,2,"Bribery, Corruption",None
